label,name
0,Abalone
1,Acyrthosiphon Pisum Aphid
2,Aedes Aegypti Mosquito
3,Aedes Aegypti Mosquito Larva
4,Aesculapian Snake
5,African Bullfrog
6,African Civet
7,African Clawed Toad
8,African Finfoot
9,African Golden Cat
10,African Oryx
11,African Painted Dog
12,African Penguin
13,African Wild Boar
14,Agouti
15,Agraulis Vanilla Caterpillar
16,Alauda Arvensis Bird
17,Albatross
18,Aldabrachelys Gigantea Tortoise
19,Alfalfa Leafcutting Bee
20,Alligator
21,Alpine Newt
22,Altantic Stingray
23,Amazon Milk Frog
24,Anartia Jatrophae
25,Anas Crecca Bird
26,Anas Platyrhynchos Bird
27,Anisolabis Maritima
28,Annulated Tree Boa
29,Anole Lizard
30,Anopheles Gambiae Mosquito
31,Ant
32,Anteater
33,Antelope
34,Anthus Pratensis Bird
35,Antipaluria Urichi Webspinner
36,Aphid
37,Aphidius Ervi Parasitoid Wasp
38,Aphis Fabae Alates
39,Aphis Fabae Aphid
40,Apis Mellifera Honey Bee
41,Araneus Diadematus Spider
42,Archer Fish
43,Archispirostreptus Gigas Giant African Millipede
44,Ardea Alba Egret
45,Ardeotis Kori Bird
46,Argentine Ant
47,Arizona Bark Scorpion
48,Ashe's Spitting Cobra
49,Asian Glossy Starling Bird
50,Asian Lion
51,Asian Small-Clawed Otter
52,Asian Tapir
53,Asiatic Golden Cat
54,Atheris Hispida Viper
55,Atheris Nitschei Viper
56,Atheris Squamigera
57,Atlantic Blue Tang Fish
58,Australian Bowerbird
59,Avicularia Spider
60,Azure Tit Bird
61,Babirusa
62,Backswimmer
63,Badger
64,Bald Eagle
65,Banana Slug
66,Banded Rubber Frog
67,Banded Woodpecker
68,Bare-Faced Curassow
69,Barking Deer
70,Barracuda Fish
71,Barramundi Fish
72,Barred Warbler Bird
73,Basilisk Lizard
74,Bat
75,Battus Philenor Hirsuta
76,Battus Philenor Hirsuta Caterpillar
77,Bay's Duiker
78,Bearded Pig
79,Beaver
80,Bee
81,Beetle
82,Bengal Tiger
83,Big Headed Ant
84,Bighorn Sheep
85,Binturong
86,Bird
87,Bison
88,Black Bean Aphid
89,Black Bearded Draco
90,Black Click Beetle
91,Black Duiker
92,Black Durgon Fish
93,Black Grouse
94,Black Headed Python
95,Black Mamba
96,Black Necked Spitting Cobra
97,Black Stork
98,Black Swan
99,Blackbird
100,Black-Winged Stilt
101,Blue Dasher Dragonfly
102,Blue Orchard Bee
103,Blue Orchard Bee Larva
104,Blue Poison Dart Frog
105,Blue Whale
106,Bluehead Wrasse Fish
107,Blue-Ringed Octopus
108,Bluethroat
109,Boa
110,Boar
111,Bogong Moth
112,Bombardier Beetle
113,Bongo
114,Bordered Mantis
115,Boreal Owl
116,Bornean Orangutan
117,Botaurus Stellaris Bird
118,Bothriechis
119,Bothrops Asper
120,Bottlenose Dolphin
121,Box Jellyfish
122,Boxer Crab
123,Brittle Star
124,Brooke's Duikers
125,Brown Garden Snail
126,Brown-Banded Cockroach
127,Buffalo
128,Bull Shark
129,Bullfinch
130,Bullfrog
131,Bullfrog Tadpole
132,Bumblebee
133,Bushmaster Snake
134,Butterfly
135,Butterfly Fish
136,Cabbage White Caterpillar
137,Caddisfly
138,Caddisfly Larva
139,Calamari
140,Calidris Apina Bird
141,Calidris Minuta Bird
142,California Newt
143,California Newt Young
144,California Oak Moth
145,California Oak Moth Larva
146,California Oak Moth Pupa
147,California Rock Crab
148,California Sea Lion
149,Camberwell Beauty Butterfly
150,Camel
151,Campbell's Monkey
152,Capuchin Monkey
153,Carcharhinus Galapagensis
154,Carcharhinus Limbatus
155,Carcharias Taurus
156,Carcharodon Carcharias
157,Cardinal Fish
158,Caretta Caretta Turtle
159,Caribou
160,Carolina Duck
161,Carribean Rock Mantis Shrimp
162,Caspian Tern
163,Cat
164,Caterpillar
165,Catfish
166,Cattle
167,Chaffinch Bird
168,Chameleon
169,Chamois Goat Antelope
170,Charadrius Dubius Bird
171,Cheetah
172,Chelonia Mydas Turtle
173,Chicken
174,Chimpanzee
175,Chrysoperla Rufilabris Green Lacewing Larva
176,Circus Aeruginosus Bird
177,Citrine Wagtail
178,Civet Cat
179,Clitarchus Hookeri Common Stick Insect
180,Clouded Monitor Lizard
181,Clownfish
182,Coati
183,Cobra
184,Cockroach
185,Colugo
186,Common Basilisk Lizard
187,Common Bleak
188,Common Buzzard
189,Common Chiffchaff Bird
190,Common Crane
191,Common Crowned Pigeon
192,Common Cuckoo Bird
193,Common Eastern Bumblebee
194,Common Eider
195,Common Goldeneye
196,Common Greenshank
197,Common Quail Bird
198,Common Redshank
199,Common Rosefinch Bird
200,Common Snipe
201,Common Whitethroat Bird
202,Common Wood Pigeon
203,Cone Snail
204,Convergent Ladybug
205,Copper Shark
206,Coral Mimic Snake
207,Coral Snake
208,Corncrake
209,Coronate Medusa Jellyfish
210,Coronella Austriaca Snake
211,Corroboree Frog
212,Cotesia Glomerata Wasp
213,Cougar
214,Cow
215,Coyote
216,Crab
217,Crane
218,Crane Fly
219,Crested Grebe Bird
220,Cricket
221,Crocodile
222,Crocodylus Acutus Crocodile
223,Crocodylus Palustris Crocodile
224,Crotalus Willardi Ridge Nosed Rattlesnake
225,Crow
226,Crowned Eagle
227,Cryptic Kelp Crab
228,Cryptic Mantis
229,Culex Pipiens Mosquito
230,Cuttlefish
231,Cyclosa Conica
232,Daddy Longlegs Spider
233,Dampwood Termite
234,Damsel Fish
235,Damselfly
236,Damselfly Nymph
237,Danaus Plexippus Monarch Butterfly
238,Danaus Plexippus Monarch Butterfly Caterpillar
239,Danube Bleak Fish
240,Danube Salmon
241,Darner Damselfly
242,Darner Damselfly Larva
243,Darwin's Frog
244,Decorator Crab
245,Deer
246,Dendroaspis Polylepis Black Mamba
247,Desert Fox
248,Desert Rain Frog
249,Dholes
250,Diana Monkey
251,Dice Snake
252,Dingo Dog
253,Dispholidus Typus Snake
254,Diving Bell Water Spider
255,Dog
256,Dog Faced Water Snake
257,Dolphin
258,Draco Lizard
259,Dragonfly
260,Drosophila Melanogaster Fruit Fly
261,Duck
262,Dumbo Octopus
263,Dumeril's Boa
264,Eagle
265,Earthworm
266,Eastern Montpellier Snake
267,Echina
268,Eel
269,Eelgrass Isopod
270,Eelgrass Sea Hare
271,Egret
272,Elegant Bronzeback Snake
273,Elephant
274,Emerita Analoga
275,Ensatina
276,Estuarine Crocodile
277,Eurasian Skylark Bird
278,Eurasian Wren Bird
279,Eurasian Wryneck Bird
280,European Robin Bird
281,European Serin Bird
282,European Turtle Dove
283,Eyelash Pit Viper
284,Fea's Muntjac
285,Feather Star
286,Feathery Tailed Flatted Bug
287,Fer-De-Lance Snake
288,Fiddler Crab
289,Firebrat Insect
290,Firecrest Bird
291,Firefly
292,Fish
293,Fishing Cat
294,Flame Skimmer Dragonfly
295,Flamingo
296,Flamingo Young
297,Fly
298,Flying Ant
299,Flying Snake
300,Foam Nest Frog
301,Forest Buffalo
302,Forest Cobra
303,Forficula Auricularia
304,Formica Accreta
305,Fox
306,Frilled Neck Lizard
307,Frog
308,Frog Tadpole
309,Fruit Bat
310,Fruit Fly
311,Gaboon Viper
312,Galapagos Tortoise
313,Galeocerdo Cuvier
314,Gallinago Gallinago Bird
315,Garganey
316,Gaur
317,Gavialis Gangeticus Crocodile
318,Gazelle
319,Gecarcinus Lateralis Crab
320,Gecko
321,Genet
322,Giant Forest Hog
323,Giant Galapagos Tortoise
324,Giant Ground Gecko
325,Giant Ground Pangolin
326,Giant Hornet
327,Giant Salamander
328,Giant Tortoise
329,Giant Trevally
330,Gibbon
331,Gila Monster
332,Giraffe
333,Glass Frog
334,Glossina Morsitans Morsitans
335,Glossina Morsitans Morsitans Larva
336,Goat
337,Goby Fish
338,Goldcrest Bird
339,Golden Eagle
340,Golden Orb Spider
341,Golden Oriole
342,Golden Poison Frog
343,Goldfinch
344,Goose
345,Gorilla
346,Graphocephala Atropunctata Sharpshooter
347,Grass Snake
348,Grass Spider
349,Grass Warbler Bird
350,Grasshopper
351,Grasshopper Warbler
352,Gray Angelfish
353,Gray Whale
354,Grayling Fish
355,Great Argus
356,Great Curassow
357,Great Diving Beetle
358,Great Egret
359,Great Grey Shrike
360,Great Grey Shrike Young
361,Great Ramshorn Snail
362,Great Reed Warbler Bird
363,Great Snipe
364,Greater Flamingo
365,Greater Mouse Deer
366,Greater Racket Tail Drongo
367,Grebe Bird
368,Green Bottle Fly
369,Green Crested Lizard
370,Green Iguana
371,Green Mamba
372,Green Pea Aphid
373,Green Woodpecker
374,Greta Oto Glasswing Butterfly
375,Greta Oto Glasswing Butterfly Caterpillar
376,Grey Bird
377,Grey Heron
378,Grey Langur
379,Greylag Goose
380,Grizzly Bear
381,Gryllus Lineaticeps
382,Gull
383,Guttural Toad
384,Gyalopion Canum Snake
385,Habronattus Clypeatus
386,Hairworm
387,Hairworm Egg
388,Hairworm Larva
389,Hairy Caterpillar
390,Halyomorpha Halys
391,Hamadryas Feronia Variable Cracker Butterfly
392,Hammerhead Shark
393,Hartebeest
394,Hartlaub's Duck
395,Harvester Ant
396,Hawfinch Bird
397,Hawk
398,Hawksbill Turtle
399,Hazel Grouse Bird
400,Hedgehog
401,Helmeted Guineafowl
402,Hermit Crab
403,Heron
404,Hippodamia Convergens Ladybug
405,Hippopotamus
406,Hognosed Pit Viper
407,Homalodisca Vitripennis Sharpshooter
408,Honey Bee
409,Hoopoe
410,Hornbill
411,Horned Adder
412,Horse
413,Horse Young
414,Horseshoe Crab
415,House Centipede
416,House Cricket
417,Housefly
418,Hoverfly
419,Hoverfly Young
420,Hummingbird
421,Hydroid
422,Hyena
423,Ibex
424,Ibis Hagedash
425,Icterine Warbler Bird
426,Iguana
427,Indian Chameleon
428,Indian Walking Stick
429,Insect
430,Ixos Mcclellandii
431,Jack Snipe Bird
432,Jackal
433,Jaculus Jaculus
434,Jaguarundi Cat
435,Jameson's Mamba
436,Javan Spitting Cobra
437,Jellyfish
438,Jentink's Duiker
439,Jerusalam Cricket
440,Jeweled Cockroach Wasp
441,Johnston's Chameleon
442,Jumping Spider
443,Kangaroo
444,Kangaroo Rat
445,Kangaroo Young
446,Keeltail Needlefish
447,King Cobra
448,King Colobus
449,Kingfisher
450,Ladybug
451,Lampropeltis Getula Snake
452,Lampropeltis Pyromelana Snake
453,Lampropeltis Splendida Snake
454,Lampropeltis Zonata Snake
455,Lanius Excubitor
456,Larus Canus Bird
457,Larus Ridibundus Bird
458,Larva
459,Laticauda Saintgironsi Sea Krait
460,Latrodectus Hersperus Western Widow Spider
461,Leaf Insect
462,Leafcutter Ant
463,Leaf-Tailed Gecko
464,Leatherback Sea Turtle
465,Leech
466,Leopard
467,Leopard Gecko
468,Leopard Seal
469,Lesser Mousedeer
470,Lesser Spot Nosed Monkey
471,Lesser Sunda Pit Viper
472,Lichanura Trivirgata Snake
473,Lightfoot Crab
474,Lion
475,Lion Young
476,Lionfish
477,Little Crake Bird
478,Little Egret
479,Lizard
480,Lobster
481,Long Horned Beetle
482,Long Tail Scorpion
483,Long Tailed Macaque
484,Long-Toed Water Beetle
485,Luscinia Luscinia Nightingale Bird
486,Macaque
487,Madagascar Hissing Cockroach
488,Madagascar Hissing Cockroach Mite
489,Malabar Pit Viper
490,Malayan Flying Fox
491,Malayan Porcupine
492,Malayan Sun Bear
493,Malayan Tapir
494,Malayan Water Monitor Lizard
495,Mallard Duck
496,Mandarin Duck
497,Mandrill
498,Manta Ray
499,Mantis
500,Mantis Shrimp
501,Many Horned Adder
502,Marbled Cat
503,Marbled Rubber Frog
504,Marine Iguana
505,Markhor Goat
506,Maroon Macaque
507,Marsh Frog
508,Marsh Harrier Bird
509,Marshbuck
510,Maxwell's Duiker
511,Mayfly
512,Mayfly Larva
513,Meerkat
514,Megalorchestia Californiana Beach Hopper
515,Melanosuchus Niger Crocodile
516,Metlapilcoatlus Mexicanus Jumping Pit Viper
517,Metrius Bombardier Beetle
518,Micruroides Euryxanthus Snake
519,Millipede
520,Mimic Blenny Fish
521,Mimic Poison Frog
522,Minke Whale
523,Mistle Thrush
524,Mitred Leaf Monkey
525,Mojave Rattlesnake
526,Mojave Rattlesnake Young
527,Mongoose
528,Monitor Lizard
529,Monkey
530,Monkey Young
531,Monster Frog
532,Montagu's Harrier
533,Montagu's Harrier Young
534,Montpellier Snake
535,Moose
536,Moray Eel
537,Morning Gecko
538,Morpho Butterfly
539,Mosquito
540,Mosquito Larva
541,Moss Crab
542,Motacilla Alba Bird
543,Motacilla Flava
544,Moth
545,Mountain Gorilla
546,Mountain Pygmy Possum
547,Mountain Yellow-Legged Frog
548,Mouse
549,Mouse Deer
550,Mozambique Spitting Cobra
551,Mudskipper
552,Naja Nivea Snake
553,Namaqua Dwarf Adder
554,Namaqua Dwarf Chameleon
555,Nasutitermes Nigriceps Termite
556,Natrix Natrix Snake
557,Natrix Tessellata Snake
558,Nautilus
559,Nerillid Worm
560,Newt
561,Newt Young
562,Nightingale Bird
563,Nilgai
564,Nine Banded Armadillo
565,Northern Pacific Rattlesnake
566,Nose-Horned Viper
567,Nudibranch
568,Numenius Arquata Bird
569,Nursery Web Spider
570,Nuthatch Bird
571,Nymphidium Sp. Caterpillar
572,Ocelot
573,Octopus
574,Ocyropsis Ctenophore
575,Olive Colobus
576,Opossum
577,Orange Clownfish
578,Orangutan
579,Orb Spider
580,Orb-Weaver Spider
581,Orca
582,Oriental Pied Hornbill
583,Oriental Whip Snake
584,Osteolaemus Osborni Crocodile
585,Ostrich
586,Otter
587,Owen's Chameleon
588,Owl
589,Pacman Frog
590,Panda
591,Pangolin
592,Paradise Tree Snake
593,Parrot
594,Peacock
595,Peacock Mantis Shrimp
596,Pelican
597,Penguin
598,Perch Fish
599,Phalacrocorax Carbo Bird
600,Philomachus Pugnax Ruff Bird
601,Phyllium Giganteum
602,Pig-Tailed Macaque
603,Pika
604,Pike Perch Fish
605,Pill Bug
606,Pink Skunk Clownfish
607,Pipevine Swallowtail Caterpillar
608,Pistol Shrimp
609,Pit Viper
610,Pituophis Catenifer Snake
611,Planarian Schmidtea Mediterranea Flatworm
612,Plantain Squirrel
613,Platypus
614,Polar Bear
615,Polyergus Mexicanus
616,Porcupine
617,Portia Jumping Spider
618,Portugese Man O'War
619,Postman Butterfly
620,Postman Butterfly Caterpillar
621,Prawn
622,Praying Mantis
623,Predaceous Diving Beetle
624,Prevost's Squirrel
625,Proboscis Monkey
626,Promecognathus Crassus Beetle
627,Puff Adder
628,Pufferfish
629,Puffin
630,Pygmy Hippopotamus
631,Pygmy Owl
632,Pygmy Seahorse
633,Python
634,Quail
635,Rabbit
636,Racoon
637,Raffles Banded Langur
638,Rain Frog
639,Rat
640,Rat Snake
641,Rattlesnake
642,Raven
643,Red Ant
644,Red Bellied Black Snake
645,Red Crossbill
646,Red River Hog
647,Red Ruffed Lemur
648,Red Spitting Cobra
649,Redback Spider
650,Red-Backed Shrike Bird
651,Red-Backed Shrike Bird Young
652,Red-Blacked Squirrel Monkey
653,Red-Eyed Tree Frog
654,Red-Ruffed Lemur
655,Red-Throated Pipit
656,Reed Bunting Bird
657,Reef Octopus
658,Remiz Pendulinus Bird
659,Reticulated Python
660,Rhacodactylus Trachyrhynchus Gecko
661,Rhamnophis Aethiopissa Snake
662,Rhesus Macaque
663,Rhincodon Typus
664,Rhinoceros
665,Rhinoceros Viper
666,Rhinoceros Young
667,Ring-Tailed Lemur
668,Rinkhals Snake
669,Robin Bird
670,Roe Deer
671,Rooster
672,Round Face Bat Fish
673,Royal Grammas Fish
674,Russell's Viper
675,Saddleback Galapagos Tortoise
676,Sagittarius Serpentarius Bird
677,Salamander
678,Salmon
679,Salticidae Jumping Spider
680,Saltwater Crocodile
681,Sambar Deer
682,Sand Bubbler Crab
683,Sand Frog
684,Sand Hopper
685,Sardine
686,Savi's Warbler Bird
687,Scallop
688,Scorpion
689,Scutigera Coleoptera House Centipede
690,Sea Bird
691,Sea Cockroach
692,Sea Cucumber
693,Sea Goldies
694,Sea Lion
695,Sea Otter
696,Sea Slug
697,Sea Snail
698,Sea Snake
699,Sea Spider
700,Sea Toad Fish
701,Sea Turtle
702,Sea Urchin
703,Seagull
704,Seahorse
705,Seal
706,Sedge Warbler Bird
707,Sergeant Major Fish
708,Serow
709,Seven Banded Civet
710,Shark
711,Shearwater Bird
712,Shield Bug
713,Shoebill Bird
714,Shorebird
715,Short-Clawed Otter
716,Shrimp
717,Side Blotched Lizard
718,Sidewinder Rattlesnake
719,Singing Nightingale
720,Skate
721,Skink
722,Skylark
723,Slender Hognosed Pit Viper
724,Slender-Snouted Crocodile
725,Sloth
726,Sloth Bear
727,Slow Loris
728,Smew
729,Smooth-Coated Otter
730,Snail
731,Snake
732,Snouted Cobra
733,Snow Leopard
734,Socotra Cormorant
735,Song Thrush Bird
736,Sooty Mangabey
737,Southern Grasshopper Mouse
738,Sparrowhawk
739,Spectacled Cobra
740,Spider
741,Spider Crab
742,Spiny Flower Mantis
743,Spotted Deer
744,Spotted Whistling Duck
745,Spotted Wood Owl
746,Squid
747,Squirrel
748,Sri Lankan Leopard
749,Stag Beetle
750,Stagmomantis Limbata Bordered Mantis
751,Starfish
752,Starling Bird
753,Sterlet Fish
754,Stick Insect
755,Stingray
756,Stoat
757,Stock Dove
758,Stonefish
759,Stork
760,Stork-Billed Kingfisher
761,Strange-Horned Chameleon
762,Strawberry Poison-Dart Frog
763,Stump-Tailed Macaque
764,Sumatran Hog Badger
765,Sumatran Orangutan
766,Sumatran Serow
767,Sumatran Tiger
768,Sunbear
769,Surgeonfish
770,Swan
771,Syllid Worm
772,Tachybaptus Ruficollis Bird
773,Tadpole
774,Tamandua
775,Tarantula
776,Tarantula Hawk Wasp
777,Tawny Owl
778,Tayra
779,Teddy Bear Crab
780,Tench Fish
781,Termite
782,Tern
783,Terrapin
784,Tetragnatha Versicolor
785,Texas Brown Tarantula
786,Thamin Deer
787,Thamnophis Cyrtopsis Snake
788,Thelotornis Snake
789,Three-Toed Woodpecker
790,Thrush Nightingale Bird
791,Tiger
792,Tiger Salamander
793,Tiger Shark
794,Tinamou
795,Tit Bird
796,Toad
797,Toadfish
798,Tomato Frog
799,Tomistoma Schlegelii Gharial
800,Tortoise
801,Trap-Door Spider
802,Tree Climbing Crab
803,Tree Hopper
804,Tree Snake
805,Tringa Erythropus Bird
806,Tringa Glareola Bird
807,Tringa Nebularia Bird
808,Tringa Ochropus Bird
809,Trissolcus Japonicus Wasp
810,Tropical Reed Frog
811,Trout
812,Trout Young
813,Turdus Merula Blackbird
814,Turret Spider
815,Turtle
816,Turtle Dove
817,Two-Toed Sloth
818,Vampire Squid
819,Vanellus Vanellus Bird
820,Vanessa Cardui Caterpillar
821,Vimba Fish
822,Viper
823,Vipera Berus Snake
824,Vulture
825,Walking Stick
826,Walrus
827,Wandering Alabatross
828,Wasp
829,Water Dipper Bird
830,Water Insect
831,Water Lily Frog
832,Water Rail Bird
833,Water Scorpion
834,Water Strider
835,Water Threader
836,Weaver Ant
837,Wedge Tailed Eagle
838,Western Chimpanzee
839,Western Chimpanzee Young
840,Western Diamondback
841,Western Diamondback Young
842,Western Dwarf Chameleon
843,Western Pine Beetle
844,Western Pine Beetle Larva
845,Western Pond Turtle
846,Western Widow Spider
847,Western-Crest Guineafowl
848,Whale
849,Whinchat Bird
850,Whiskered Tern Bird
851,Whistling Duck
852,White And Gray Wagtail Bird
853,White Cockatoo Bird
854,White Nosed Coati
855,White Rhinoceros
856,White Speckled Rattlesnake
857,White Throated Dipper Bird
858,White Tiger
859,White Wig Marine Iguana
860,White-Backed Woodpecker
861,White-Bellied Fish Eagle
862,White-Breasted Guineafowl
863,White-Breasted Waterhen
864,White-Faced Saki Monkey
865,Whooper Swan
866,Wild Boar
867,Wild Dog
868,Wild Red-Tailed Boa
869,Wildebeest
870,Winter Ant
871,Wolf
872,Wombat
873,Wood Cricket
874,Wood Warbler
875,Woodlark Bird
876,Woodpecker
877,Worm
878,Wormlion
879,Wormlion Larva
880,Wren
881,Xystocheir Dissecta Millipede
882,Yellow Cuttlefish
883,Yellow Striped Tree Skink
884,Yellow Watchman Goby Fish
885,Yellow Wrasse Fish
886,Yellow-Backed Duiker
887,Yellow-Eyed Ensatina
888,Yellowhammer
889,Yellowhammer Young
890,Yellowtail Fusilier Fish
891,Yellow-Throated Martens
892,Zamenis Longissiumus Snake
893,Zebra
894,Zebra-Duiker
895,Zooplankton
896,Zygiella X-Notata
